Model,Ortalama Gecikme (ms)
SBERT,12.766659259796143
TF-IDF,1.203775405883789
